{"cameraMode":{"drawMode":0,"name":"Shaded","section":"Shading Mode"},"sceneLighting":true,"audioPlay":false,"sceneViewState":{"m_AlwaysRefresh":false,"showFog":true,"showSkybox":true,"showFlares":true,"showImageEffects":true,"showParticleSystems":true,"showVisualEffectGraphs":true,"m_FxEnabled":true},"in2DMode":false,"pivot":{"x":5.705325126647949,"y":1.6276952028274537,"z":-11.657501220703125},"rotation":{"x":-0.04014606773853302,"y":-0.9573599100112915,"z":0.16384375095367433,"w":-0.23456400632858277},"size":8.806503295898438,"orthographic":false}