{"cameraMode":{"drawMode":0,"name":"Shaded","section":"Shading Mode"},"sceneLighting":true,"audioPlay":false,"sceneViewState":{"m_AlwaysRefresh":false,"showFog":true,"showSkybox":true,"showFlares":true,"showImageEffects":true,"showParticleSystems":true,"showVisualEffectGraphs":true,"m_FxEnabled":true},"in2DMode":false,"pivot":{"x":2.9140000343322756,"y":1.796412706375122,"z":-0.299824595451355},"rotation":{"x":0.0004049298004247248,"y":-0.9627241492271423,"z":0.0014440204249694944,"w":0.2704862952232361},"size":0.8660253882408142,"orthographic":false}